{
    "1": {
        "basic": {
            "avg_nodes": 29.058823529411764,
            "std_nodes": 7.190439635052138,
            "avg_edges": 59.294117647058826,
            "std_edges": 33.13566535229224,
            "count": 17
        },
        "distribution_params": {
            "degree": {
                "max_val": 18,
                "bin_width": 1.8
            },
            "clustering": {
                "max_val": 1.0,
                "bin_width": 0.1
            },
            "spectral": {
                "max_val": 2.0,
                "bin_width": 0.2
            }
        },
        "distributions": {
            "degree": [
                0.16901195284082016,
                0.10064489810846702,
                0.1348408682208191,
                0.12578571379294665,
                0.1310317394104893,
                0.14413330588666873,
                0.07399379942363288,
                0.07370164759363543,
                0.023279840461702315,
                0.023576234260818438
            ],
            "clustering": [
                0.28364030682435726,
                0.005026737967914439,
                0.008720582249994016,
                0.06879891833372137,
                0.07256012365292286,
                0.16716320969123358,
                0.13246187480854396,
                0.022079353108764875,
                0.06278961384451402,
                0.17675927951803366
            ],
            "spectral": [
                -1.8693157514299435e-15,
                -7.606107395299575e-16,
                -1.7833153153886213e-16,
                0.005169548929384181,
                0.045502516774333465,
                0.14564620509618037,
                0.3930698981763765,
                0.7336548131931712,
                1.1056395215455035,
                1.453927793453522
            ]
        }
    },
    "3": {
        "basic": {
            "avg_nodes": 38.333333333333336,
            "std_nodes": 7.249521056977183,
            "avg_edges": 76.5,
            "std_edges": 27.75037537283655,
            "count": 12
        },
        "distribution_params": {
            "degree": {
                "max_val": 11,
                "bin_width": 1.1
            },
            "clustering": {
                "max_val": 1.0,
                "bin_width": 0.1
            },
            "spectral": {
                "max_val": 2.0,
                "bin_width": 0.2
            }
        },
        "distributions": {
            "degree": [
                0.1411357239447573,
                0.12309285233820631,
                0.11430488336251121,
                0.09475288691179579,
                0.1400925323671454,
                0.11833987317206802,
                0.08688004949575368,
                0.06805957434988162,
                0.0526788357811368,
                0.06066278827674385
            ],
            "clustering": [
                0.30440080277516257,
                0.00992063492063492,
                0.02128309492439927,
                0.09723022978519809,
                0.10815195864612807,
                0.18762632623864228,
                0.122552103678103,
                0.011692474732498084,
                0.030911668667660933,
                0.10623070563157277
            ],
            "spectral": [
                -1.7269508818483924e-15,
                -7.940830735947815e-16,
                -2.5376704653936707e-16,
                2.437553403259318e-16,
                0.014088899836204925,
                0.07840109409594122,
                0.13670246255289323,
                0.2604451061722701,
                0.3818452288852385,
                0.6203826860531737
            ]
        }
    },
    "0": {
        "basic": {
            "avg_nodes": 38.4,
            "std_nodes": 8.720091742636656,
            "avg_edges": 76.4,
            "std_edges": 32.24034739266933,
            "count": 10
        },
        "distribution_params": {
            "degree": {
                "max_val": 14,
                "bin_width": 1.4
            },
            "clustering": {
                "max_val": 1.0,
                "bin_width": 0.1
            },
            "spectral": {
                "max_val": 2.0,
                "bin_width": 0.2
            }
        },
        "distributions": {
            "degree": [
                0.2352071923724338,
                0.15942206657761282,
                0.09838861422107012,
                0.09274241012555728,
                0.0805426156692545,
                0.11201592518809915,
                0.09375822917248991,
                0.06273640516129887,
                0.02092560040210416,
                0.044260941110079374
            ],
            "clustering": [
                0.3859624343512186,
                0.002127659574468085,
                0.019091232461629668,
                0.06139404134447942,
                0.1033508791939545,
                0.16797484382748187,
                0.08766520855308982,
                0.028126396684493737,
                0.035307376568409876,
                0.10899992744077447
            ],
            "spectral": [
                -1.8526900457985463e-15,
                -1.2396017021051776e-15,
                -5.6435975438139915e-16,
                -2.237181744647834e-16,
                -4.816129599703864e-17,
                3.1863940163246954e-16,
                0.012170910182319417,
                0.03034322771170782,
                0.08226977559061913,
                0.30702112949675386
            ]
        }
    },
    "4": {
        "basic": {
            "avg_nodes": 28.63157894736842,
            "std_nodes": 8.694889765445046,
            "avg_edges": 54.421052631578945,
            "std_edges": 35.871577650035036,
            "count": 19
        },
        "distribution_params": {
            "degree": {
                "max_val": 16,
                "bin_width": 1.6
            },
            "clustering": {
                "max_val": 1.0,
                "bin_width": 0.1
            },
            "spectral": {
                "max_val": 2.0,
                "bin_width": 0.2
            }
        },
        "distributions": {
            "degree": [
                0.14325368960946588,
                0.15513225368327527,
                0.1638933013584023,
                0.1490006763230913,
                0.11392906715578277,
                0.09803129236382575,
                0.07463691045627019,
                0.049944923512782416,
                0.026464962675273564,
                0.02571292286183058
            ],
            "clustering": [
                0.33972675333038377,
                0.005149241322705837,
                0.015604698454063246,
                0.11646894170124976,
                0.06584351236172868,
                0.12790459899626216,
                0.10197804051711172,
                0.015928580536064028,
                0.03785221076175323,
                0.17354342201867767
            ],
            "spectral": [
                -9.0842636210537e-16,
                -3.6375095581520903e-16,
                6.169138665106302e-17,
                0.007130556163795185,
                0.028590083937440874,
                0.10862560148725216,
                0.3094133902037928,
                0.6134634761281678,
                0.9443586203582666,
                1.2844623889053557
            ]
        }
    },
    "5": {
        "basic": {
            "avg_nodes": 26.647058823529413,
            "std_nodes": 8.69713391918881,
            "avg_edges": 51.529411764705884,
            "std_edges": 33.43143580006667,
            "count": 17
        },
        "distribution_params": {
            "degree": {
                "max_val": 14,
                "bin_width": 1.4
            },
            "clustering": {
                "max_val": 1.0,
                "bin_width": 0.1
            },