{
    "1": {
        "basic": {
            "avg_nodes": 32.05882352941177,
            "std_nodes": 12.904493463793665,
            "avg_edges": 62.05882352941177,
            "std_edges": 25.919492070720683,
            "count": 17
        },
        "distribution_params": {
            "degree": {
                "max_val": 8,
                "bin_width": 0.8
            },
            "clustering": {
                "max_val": 1.0,
                "bin_width": 0.1
            },
            "spectral": {
                "max_val": 2.0,
                "bin_width": 0.2
            }
        },
        "distributions": {
            "degree": [
                0.0,
                0.0,
                0.066215402244814,
                0.33512052217934574,
                0.3433331211272388,
                0.20782454473630943,
                0.0384983099688982,
                0.0064763177998472116,
                0.0025317819435466495,
                0.0
            ],
            "clustering": [
                0.14765249456425925,
                0.10956978751096397,
                0.09659148585619173,
                0.1910069124775007,
                0.0525687928629105,
                0.14388700623994738,
                0.13752312502312503,
                0.0,
                0.017129928894634775,
                0.10407046657046656
            ],
            "spectral": [
                -2.43372069774812e-16,
                0.15935967180954713,
                0.50687887612412,
                0.948382683285177,
                1.3705154763758716,
                1.8127118416866415,
                2.166641801172847,
                2.399764518565626,
                2.7301738244373275,
                3.128262305345127
            ]
        }
    },
    "3": {
        "basic": {
            "avg_nodes": 37.416666666666664,
            "std_nodes": 12.737466606651244,
            "avg_edges": 73.5,
            "std_edges": 19.185497995447847,
            "count": 12
        },
        "distribution_params": {
            "degree": {
                "max_val": 7,
                "bin_width": 0.7
            },
            "clustering": {
                "max_val": 1.0,
                "bin_width": 0.1
            },
            "spectral": {
                "max_val": 2.0,
                "bin_width": 0.2
            }
        },
        "distributions": {
            "degree": [
                0.0,
                0.001893939393939394,
                0.05034956213304149,
                0.2638164035050597,
                0.3516085013076548,
                0.2499384546884786,
                0.06751430865181916,
                0.01487883032000679,
                0.0,
                0.0
            ],
            "clustering": [
                0.17647988015322183,
                0.053640598728208234,
                0.04905235530704868,
                0.15639678627978762,
                0.10334777369928015,
                0.22806303030382016,
                0.14057483219876074,
                0.0,
                0.014875111805305244,
                0.07756963152456732
            ],
            "spectral": [
                4.7562473755733645e-17,
                0.10192855346646303,
                0.39400794338426776,
                0.762673745920622,
                1.1447470166367275,
                1.5912588725185033,
                1.9483493511909644,
                2.2508002241993035,
                2.5692088130123865,
                2.8662072505765632
            ]
        }
    },
    "0": {
        "basic": {
            "avg_nodes": 31.6,
            "std_nodes": 8.742997197757756,
            "avg_edges": 63.3,
            "std_edges": 16.492725669215503,
            "count": 10
        },
        "distribution_params": {
            "degree": {
                "max_val": 7,
                "bin_width": 0.7
            },
            "clustering": {
                "max_val": 1.0,
                "bin_width": 0.1
            },
            "spectral": {
                "max_val": 2.0,
                "bin_width": 0.2
            }
        },
        "distributions": {
            "degree": [
                0.0,
                0.0,
                0.027356275843670803,
                0.29055572676390884,
                0.4104560050464149,
                0.18974942708818832,
                0.050601449726050476,
                0.0312811155317667,
                0.0,
                0.0
            ],
            "clustering": [
                0.10018940909697212,
                0.05286998890465276,
                0.06693642180192236,
                0.17924597074368864,
                0.07250766378207536,
                0.18429978706600153,
                0.2315350466868714,
                0.0,
                0.032171074600948375,
                0.08024463731686733
            ],
            "spectral": [
                -2.829073085575335e-17,
                0.10261495382469851,
                0.4604951160745239,
                0.7609206837840518,
                1.1785721749553943,
                1.5566958244993356,
                2.113315775807418,
                2.5669426842597365,
                2.8572777713779622,
                3.1300421608118545
            ]
        }
    },
    "4": {
        "basic": {
            "avg_nodes": 32.10526315789474,
            "std_nodes": 14.927525747113883,
            "avg_edges": 60.36842105263158,
            "std_edges": 29.608339021501834,
            "count": 19
        },
        "distribution_params": {
            "degree": {
                "max_val": 7,
                "bin_width": 0.7
            },
            "clustering": {
                "max_val": 1.0,
                "bin_width": 0.1
            },
            "spectral": {
                "max_val": 2.0,
                "bin_width": 0.2
            }
        },
        "distributions": {
            "degree": [
                0.0,
                0.01015834628643875,
                0.13757354955160556,
                0.30345547204011075,
                0.3216451871657398,
                0.1719085343654767,
                0.04676374350157314,
                0.008495167089055225,
                0.0,
                0.0
            ],
            "clustering": [
                0.15937184093802814,
                0.10468056564742659,
                0.04588579898842724,
                0.19216972436323038,
                0.05748568625050049,
                0.12001942949288416,
                0.14449042619356822,
                0.0,
                0.009868421052631578,
                0.16602810707330315
            ],
            "spectral": [
                1.0269609469147193e-17,
                0.28975216843806817,
                0.6802224806454187,
                0.8172368130289337,
                1.2458708531819063,
                1.5861483248124235,
                1.9968415720864703,
                2.303881499872685,
                2.1717155104877457,
                2.3732849502848476
            ]
        }
    },
    "5": {
        "basic": {
            "avg_nodes": 38.76470588235294,
            "std_nodes": 14.156808429638891,
            "avg_edges": 77.29411764705883,
            "std_edges": 23.51661416676542,
            "count": 17
        },
        "distribution_params": {
            "degree": {
                "max_val": 8,
                "bin_width": 0.8
            },
            "clustering": {
                "max_val": 1.0,
                "bin_width": 0.1
            },
            "spectral": {
                "max_val": 2.0,
                "bin_width": 0.2
            }
        },