{
    "1": {
        "basic": {
            "avg_nodes": 29.058823529411764,
            "std_nodes": 7.190439635052138,
            "avg_edges": 56.705882352941174,
            "std_edges": 7.582989522860112,
            "count": 17
        },
        "distribution_params": {
            "degree": {
                "max_val": 12,
                "bin_width": 1.2
            },
            "clustering": {
                "max_val": 1.0,
                "bin_width": 0.1
            },
            "spectral": {
                "max_val": 2.0,
                "bin_width": 0.2
            }
        },
        "distributions": {
            "degree": [
                0.07220713926596278,
                0.026743795420266007,
                0.04899570763921676,
                0.18667883821534942,
                0.30051510064948195,
                0.21161298080095456,
                0.10234190611392491,
                0.03720983606779486,
                0.006031297134238311,
                0.007663398692810457
            ],
            "clustering": [
                0.2103786850592125,
                0.0857729945167225,
                0.10601985009719608,
                0.13808609155732035,
                0.06336686611294276,
                0.18256253839217973,
                0.11210339295158343,
                0.0,
                0.012304805617499116,
                0.08940477569534366
            ],
            "spectral": [
                -8.24277403104505e-16,
                0.19698477987838747,
                0.5395668066616093,
                1.0174248667541206,
                1.4370913452810794,
                1.8790388815425891,
                2.21692912737576,
                2.6561207315136697,
                2.8869498791518877,
                3.0150134753544076
            ]
        }
    },
    "3": {
        "basic": {
            "avg_nodes": 38.333333333333336,
            "std_nodes": 7.249521056977183,
            "avg_edges": 74.91666666666667,
            "std_edges": 0.2763853991962833,
            "count": 12
        },
        "distribution_params": {
            "degree": {
                "max_val": 12,
                "bin_width": 1.2
            },
            "clustering": {
                "max_val": 1.0,
                "bin_width": 0.1
            },
            "spectral": {
                "max_val": 2.0,
                "bin_width": 0.2
            }
        },
        "distributions": {
            "degree": [
                0.04459684088347232,
                0.0235280732494243,
                0.09182268375457929,
                0.22336295764679034,
                0.27571624157055824,
                0.21901612415940175,
                0.09277322192856026,
                0.023319659276349297,
                0.0,
                0.005864197530864197
            ],
            "clustering": [
                0.22057215251264065,
                0.08141559462295776,
                0.12819577642007096,
                0.1612205085207678,
                0.07705603016970183,
                0.1824903796670613,
                0.09630768673328916,
                0.0,
                0.002777777777777778,
                0.049964093575732706
            ],
            "spectral": [
                -1.3175801553635006e-15,
                0.0493707753886888,
                0.2507284079562308,
                0.48323503842152254,
                0.7845917512939184,
                1.1688619461854997,
                1.5583466094904859,
                1.9064774216912417,
                2.1083803842235826,
                2.2709995433847197
            ]
        }
    },
    "0": {
        "basic": {
            "avg_nodes": 38.4,
            "std_nodes": 8.720091742636656,
            "avg_edges": 66.6,
            "std_edges": 1.2,
            "count": 10
        },
        "distribution_params": {
            "degree": {
                "max_val": 11,
                "bin_width": 1.1
            },
            "clustering": {
                "max_val": 1.0,
                "bin_width": 0.1
            },
            "spectral": {
                "max_val": 2.0,
                "bin_width": 0.2
            }
        },
        "distributions": {
            "degree": [
                0.10790087027084272,
                0.08814027955033114,
                0.0942565804330775,
                0.2103922420922097,
                0.18632517898209228,
                0.13316193108422117,
                0.059853231440669966,
                0.0674787685676334,
                0.03571124335243936,
                0.016779674226482737
            ],
            "clustering": [
                0.318690046376097,
                0.04762398075187914,
                0.07588711788697045,
                0.13143767958739663,
                0.06410886130060453,
                0.15493145225781588,
                0.10134237642226278,
                0.0,
                0.012440952183334587,
                0.09353753323363909
            ],
            "spectral": [
                -7.285298436085512e-16,
                0.05651619473279117,
                0.23252039158124926,
                0.4226489104262215,
                0.632814442685963,
                0.925533210779937,
                1.1570732021240935,
                1.3970612264123377,
                1.6043465428463208,
                1.758382976205434
            ]
        }
    },
    "4": {
        "basic": {
            "avg_nodes": 28.63157894736842,
            "std_nodes": 8.694889765445046,
            "avg_edges": 58.578947368421055,
            "std_edges": 5.480259208945315,
            "count": 19
        },
        "distribution_params": {
            "degree": {
                "max_val": 10,
                "bin_width": 1.0
            },
            "clustering": {
                "max_val": 1.0,
                "bin_width": 0.1
            },
            "spectral": {
                "max_val": 2.0,
                "bin_width": 0.2
            }
        },
        "distributions": {
            "degree": [
                0.027531314287959536,
                0.032048748223676024,
                0.057023351305802224,
                0.147023767375922,
                0.24471053113711447,
                0.24384382442963906,
                0.18460061832534028,
                0.05075651241195738,
                0.00857142857142857,
                0.003889903931160488
            ],
            "clustering": [
                0.20235546581914687,
                0.07032055048570925,
                0.12330268922360534,
                0.1420896161036562,
                0.07758538402549743,
                0.219361806841536,
                0.09160981041577397,
                0.0,
                0.006342910416136961,
                0.06703176666893806
            ],
            "spectral": [
                -2.151201994414281e-16,
                0.3386507662288929,
                0.8622180611140566,
                1.3703062820234961,
                1.9038943078827826,
                2.339199310666007,
                2.8257349006703367,
                3.1267698295134796,
                3.4026269326097296,
                3.620491816209949
            ]
        }
    },
    "5": {
        "basic": {
            "avg_nodes": 26.647058823529413,
            "std_nodes": 8.69713391918881,
            "avg_edges": 52.470588235294116,
            "std_edges": 4.103336476845949,
            "count": 17
        },
        "distribution_params": {
            "degree": {
                "max_val": 10,
                "bin_width": 1.0
            },
            "clustering": {
                "max_val": 1.0,
                "bin_width": 0.1
            },
            "spectral": {
                "max_val": 2.0,
                "bin_width": 0.2
            }
        },