{
    "1": {
        "basic": {
            "avg_nodes": 18.6,
            "std_nodes": 1.9933221850301404,
            "avg_edges": 19.666666666666668,
            "std_edges": 4.407065034943575,
            "count": 15
        },
        "distribution_params": {
            "degree": {
                "max_val": 7,
                "bin_width": 0.7
            },
            "clustering": {
                "max_val": 1.0,
                "bin_width": 0.1
            },
            "spectral": {
                "max_val": 2.0,
                "bin_width": 0.2
            }
        },
        "distributions": {
            "degree": [
                0.19758819647869313,
                0.24383673733922764,
                0.19189322410886553,
                0.14975008564320721,
                0.11315140472665039,
                0.06994796596492651,
                0.026990280475271727,
                0.006842105263157895,
                0.0,
                0.0
            ],
            "clustering": [
                0.5493896986712306,
                0.012814645308924484,
                0.03183425315206174,
                0.10296178069498839,
                0.02696112261329653,
                0.0760713163984129,
                0.0386312595213524,
                0.0,
                0.024286661524513187,
                0.13704926211521987
            ],
            "spectral": [
                -6.467159936476864e-16,
                -3.1282217495258446e-16,
                -1.4734078182692963e-16,
                8.298571790850636e-17,
                0.02268806389878476,
                0.08383709256150415,
                0.37085308708201753,
                0.6986321238744638,
                1.0117364762912173,
                1.4138448263786942
            ]
        }
    },
    "0": {
        "basic": {
            "avg_nodes": 13.785714285714286,
            "std_nodes": 1.4725377234348787,
            "avg_edges": 14.714285714285714,
            "std_edges": 3.1719433301677884,
            "count": 14
        },
        "distribution_params": {
            "degree": {
                "max_val": 6,
                "bin_width": 0.6
            },
            "clustering": {
                "max_val": 1.0,
                "bin_width": 0.1
            },
            "spectral": {
                "max_val": 2.0,
                "bin_width": 0.2
            }
        },
        "distributions": {
            "degree": [
                0.21053559535702396,
                0.2395321939964797,
                0.13413104752390465,
                0.1879691736834594,
                0.12535619142761997,
                0.07858124018838304,
                0.023894557823129246,
                0.0,
                0.0,
                0.0
            ],
            "clustering": [
                0.49824936967794103,
                0.00995879120879121,
                0.010256410256410256,
                0.09990991151705438,
                0.039370748299319726,
                0.06725833690119405,
                0.11880886970172684,
                0.0,
                0.014328231292517006,
                0.14185933114504543
            ],
            "spectral": [
                -6.744474362646857e-16,
                -1.4978270178918692e-16,
                8.214121646804884e-17,
                0.021304938519286654,
                0.21516174208557995,
                0.6996446463623017,
                1.1584662287307366,
                1.6589547426867384,
                2.518023530384815,
                3.32086084217787
            ]
        }
    }
}