{
    "1": {
        "basic": {
            "avg_nodes": 20.733333333333334,
            "std_nodes": 3.696244340167763,
            "avg_edges": 23.466666666666665,
            "std_edges": 4.3797513881751575,
            "count": 15
        },
        "distribution_params": {
            "degree": {
                "max_val": 4,
                "bin_width": 0.4
            },
            "clustering": {
                "max_val": 1.0,
                "bin_width": 0.1
            },
            "spectral": {
                "max_val": 2.0,
                "bin_width": 0.2
            }
        },
        "distributions": {
            "degree": [
                0.0,
                0.1721741352977051,
                0.3982525128062886,
                0.42667480117136863,
                0.002898550724637681,
                0.0,
                0.0,
                0.0,
                0.0,
                0.0
            ],
            "clustering": [
                1.0,
                0.0,
                0.0,
                0.0,
                0.0,
                0.0,
                0.0,
                0.0,
                0.0,
                0.0
            ],
            "spectral": [
                -2.593113885032007e-16,
                0.119229710745219,
                0.27797473443409004,
                0.4802548308810861,
                0.7108255014394714,
                0.9815960265297933,
                1.1137293663304866,
                1.2716454202392609,
                1.5028800875080381,
                1.7980407405950039
            ]
        }
    },
    "0": {
        "basic": {
            "avg_nodes": 13.428571428571429,
            "std_nodes": 2.718042512920064,
            "avg_edges": 14.0,
            "std_edges": 3.0237157840738176,
            "count": 14
        },
        "distribution_params": {
            "degree": {
                "max_val": 3,
                "bin_width": 0.3
            },
            "clustering": {
                "max_val": 1.0,
                "bin_width": 0.1
            },
            "spectral": {
                "max_val": 2.0,
                "bin_width": 0.2
            }
        },
        "distributions": {
            "degree": [
                0.0,
                0.2492581822938966,
                0.4216973502687789,
                0.3290444674373246,
                0.0,
                0.0,
                0.0,
                0.0,
                0.0,
                0.0
            ],
            "clustering": [
                1.0,
                0.0,
                0.0,
                0.0,
                0.0,
                0.0,
                0.0,
                0.0,
                0.0,
                0.0
            ],
            "spectral": [
                -9.414145310603578e-17,
                0.17086623176524826,
                0.3956046011827234,
                0.8431501491258034,
                0.9712247708758691,
                1.1993825627320114,
                1.707055306280514,
                2.296833913973262,
                2.8958358870188188,
                3.3695960999323544
            ]
        }
    }
}