{
    "1": {
        "basic": {
            "avg_nodes": 18.6,
            "std_nodes": 1.9933221850301404,
            "avg_edges": 21.466666666666665,
            "std_edges": 1.1469767022723503,
            "count": 15
        },
        "distribution_params": {
            "degree": {
                "max_val": 6,
                "bin_width": 0.6
            },
            "clustering": {
                "max_val": 1.0,
                "bin_width": 0.1
            },
            "spectral": {
                "max_val": 2.0,
                "bin_width": 0.2
            }
        },
        "distributions": {
            "degree": [
                0.024734299516908212,
                0.15805479349125873,
                0.3892337728378918,
                0.3563581036279246,
                0.043512361466325665,
                0.020153452685421996,
                0.007953216374269005,
                0.0,
                0.0,
                0.0
            ],
            "clustering": [
                1.0,
                0.0,
                0.0,
                0.0,
                0.0,
                0.0,
                0.0,
                0.0,
                0.0,
                0.0
            ],
            "spectral": [
                6.731396778629376e-17,
                0.10792768586180894,
                0.26368143566561086,
                0.49369916997880414,
                0.7634434299505243,
                1.0214025235749133,
                1.1926660497682624,
                1.527533600266807,
                1.8932658030356102,
                2.2754323312842644
            ]
        }
    },
    "0": {
        "basic": {
            "avg_nodes": 13.785714285714286,
            "std_nodes": 1.4725377234348787,
            "avg_edges": 14.0,
            "std_edges": 0.0,
            "count": 14
        },
        "distribution_params": {
            "degree": {
                "max_val": 4,
                "bin_width": 0.4
            },
            "clustering": {
                "max_val": 1.0,
                "bin_width": 0.1
            },
            "spectral": {
                "max_val": 2.0,
                "bin_width": 0.2
            }
        },
        "distributions": {
            "degree": [
                0.02040816326530612,
                0.2797226582940869,
                0.33937491080348225,
                0.3451881451881452,
                0.015306122448979591,
                0.0,
                0.0,
                0.0,
                0.0,
                0.0
            ],
            "clustering": [
                1.0,
                0.0,
                0.0,
                0.0,
                0.0,
                0.0,
                0.0,
                0.0,
                0.0,
                0.0
            ],
            "spectral": [
                -3.0735457896878393e-16,
                0.14169836540384356,
                0.3609012835655393,
                0.6267293507952518,
                0.8363091370855794,
                1.242931962966643,
                1.4836992047703623,
                2.125686616201472,
                2.5658026630137365,
                3.111014724282627
            ]
        }
    }
}