{
    "0": {
        "degree": [
            0.0008032199746690422,
            0.0048462544172738105,
            0.05147534121908875,
            0.37897492772468827,
            0.3389923962765665,
            0.16936090603111767,
            0.046895508021331245,
            0.007148286576166674,
            0.0011657107137856425,
            0.0003374490453137786
        ],
        "clustering": [
            0.14582807974483494,
            0.05338780495255654,
            0.057146487845175065,
            0.15814273157468006,
            0.06361623655731875,
            0.17901174856403665,
            0.18341695214138104,
            0.0,
            0.01750990705755787,
            0.1419400515624596
        ],
        "spectral": [
            -6.343476983939314e-17,
            0.11512621347868918,
            0.43169394849362874,
            0.7957546594337641,
            1.1760670630798866,
            1.5272495808449231,
            1.862617096226122,
            2.0942292318742917,
            2.3328393179738764,
            2.5497777352723467
        ],
        "params": {
            "degree_max": 25,
            "degree_width": 2.5
        }
    },
    "1": {
        "degree": [
            0.00017178881008668242,
            0.00929112715987935,
            0.05493259335276574,
            0.45315187734663426,
            0.3040174378831093,
            0.13648047430391783,
            0.0348661875036943,
            0.005392311739794861,
            0.0011435323474482464,
            0.0005526695526695527
        ],
        "clustering": [
            0.12834011468249087,
            0.03216785971676154,
            0.02793957753120407,
            0.11693853631588452,
            0.0492458159320052,
            0.1583068805572971,
            0.17384635068626175,
            0.0,
            0.04778423749789766,
            0.265430627080198
        ],
        "spectral": [
            3.806139828817126e-18,
            0.5905893853293493,
            1.4650751113974803,
            2.0147647188413966,
            2.4299617148222517,
            2.569531113099794,
            2.6847029703852145,
            2.8107863553640122,
            2.768023710925979,
            2.79785310242469
        ],
        "params": {
            "degree_max": 12,
            "degree_width": 1.2
        }
    }
}