{
    "0": {
        "basic": {
            "avg_nodes": 47.24038461538461,
            "std_nodes": 25.174580888844883,
            "avg_edges": 111.21153846153847,
            "std_edges": 102.0379523168598,
            "count": 104
        },
        "distribution_params": {
            "degree": {
                "max_val": 22,
                "bin_width": 2.2
            },
            "clustering": {
                "max_val": 1.0,
                "bin_width": 0.1
            },
            "spectral": {
                "max_val": 2.0,
                "bin_width": 0.2
            }
        },
        "distributions": {
            "degree": [
                0.17086640551519497,
                0.14015517183206982,
                0.1338381207355973,
                0.11552959574861969,
                0.0915019017102743,
                0.08434153496860577,
                0.06483627368864181,
                0.04727757183291899,
                0.03408719501884485,
                0.031027767410770783
            ],
            "clustering": [
                0.4108186062225897,
                0.00803871125105918,
                0.019103688435619093,
                0.09475789732016003,
                0.08409821230326511,
                0.12550793265050444,
                0.09650492582028586,
                0.018698221357804926,
                0.02496804014654845,
                0.11750376449216325
            ],
            "spectral": [
                -1.7373967574084572e-15,
                -9.770228422761127e-16,
                -4.894946638876459e-16,
                -1.2557366171446581e-16,
                0.0023972112290582366,
                0.03117233910820992,
                0.0668568996056417,
                0.12028536832003223,
                0.20733371865026823,
                0.287600490959612
            ]
        }
    },
    "1": {
        "basic": {
            "avg_nodes": 24.0,
            "std_nodes": 10.396814415964151,
            "avg_edges": 52.046875,
            "std_edges": 38.946048294202775,
            "count": 64
        },
        "distribution_params": {
            "degree": {
                "max_val": 16,
                "bin_width": 1.6
            },
            "clustering": {
                "max_val": 1.0,
                "bin_width": 0.1
            },
            "spectral": {
                "max_val": 2.0,
                "bin_width": 0.2
            }
        },
        "distributions": {
            "degree": [
                0.17269809432461364,
                0.15396291236205337,
                0.14626224539304586,
                0.13449293106977792,
                0.09507834279524821,
                0.0937300849848391,
                0.08340982347802249,
                0.05439743264382016,
                0.03174490871011724,
                0.03422322423846193
            ],
            "clustering": [
                0.3619551785629529,
                0.00653360421041342,
                0.013745861841566202,
                0.08201374603793295,
                0.07440831501799355,
                0.12593599899254687,
                0.10664658621007612,
                0.0269459143742054,
                0.03919540604096227,
                0.16261938871135026
            ],
            "spectral": [
                -9.969811179509804e-16,
                -2.0165188965961395e-16,
                0.028268784179568355,
                0.11772193291269471,
                0.4321582955239154,
                0.6224573615806895,
                1.0072371881694275,
                1.2813091717445617,
                1.7076495257210937,
                2.102932267807391
            ]
        }
    }
}