{
    "0": {
        "basic": {
            "avg_nodes": 54.53846153846154,
            "std_nodes": 45.49364348602051,
            "avg_edges": 102.98076923076923,
            "std_edges": 84.58166067467111,
            "count": 104
        },
        "distribution_params": {
            "degree": {
                "max_val": 10,
                "bin_width": 1.0
            },
            "clustering": {
                "max_val": 1.0,
                "bin_width": 0.1
            },
            "spectral": {
                "max_val": 2.0,
                "bin_width": 0.2
            }
        },
        "distributions": {
            "degree": [
                0.0,
                0.0019815433560280574,
                0.060177885045289474,
                0.37082313135578965,
                0.3500531795190185,
                0.1596963472824216,
                0.04965116619946752,
                0.006351716390042936,
                0.0008432724661700445,
                0.0004217583857722225
            ],
            "clustering": [
                0.15035031395909557,
                0.05624357769658876,
                0.06524648881606605,
                0.15527386627118706,
                0.06345378367120272,
                0.1767054725488397,
                0.1746794173568289,
                0.0,
                0.01776100336377975,
                0.14028607631641146
            ],
            "spectral": [
                -3.506524526979898e-17,
                0.08297310935082733,
                0.3684990328721315,
                0.7157628569014965,
                1.0750654888129123,
                1.3964871174882902,
                1.72008628441538,
                2.000518913960174,
                2.264376737721425,
                2.423309122007803
            ]
        }
    },
    "1": {
        "basic": {
            "avg_nodes": 19.609375,
            "std_nodes": 15.015218516870641,
            "avg_edges": 36.546875,
            "std_edges": 28.77712290578012,
            "count": 64
        },
        "distribution_params": {
            "degree": {
                "max_val": 7,
                "bin_width": 0.7
            },
            "clustering": {
                "max_val": 1.0,
                "bin_width": 0.1
            },
            "spectral": {
                "max_val": 2.0,
                "bin_width": 0.2
            }
        },
        "distributions": {
            "degree": [
                0.0,
                0.007257401315789474,
                0.031782756435063904,
                0.48990203871582144,
                0.2830970524061464,
                0.1411061435193787,
                0.0373170406215161,
                0.009537566986283996,
                0.0,
                0.0
            ],
            "clustering": [
                0.07833121893747379,
                0.027242906994218125,
                0.025554955542577692,
                0.11337702821344302,
                0.058915817339580005,
                0.15218017574115345,
                0.17085304958287448,
                0.0,
                0.04803426337659134,
                0.325510584272088
            ],
            "spectral": [
                8.138860960881996e-17,
                0.7962722354513786,
                1.7095187304918493,
                2.232322798731605,
                2.4633279428176476,
                2.4978725362225767,
                2.52220989343431,
                2.726236624447206,
                2.633095386307121,
                2.567481454056243
            ]
        }
    }
}