{
    "0": {
        "basic": {
            "avg_nodes": 47.24038461538461,
            "std_nodes": 25.174580888844883,
            "avg_edges": 94.96153846153847,
            "std_edges": 64.90731899540759,
            "count": 104
        },
        "distribution_params": {
            "degree": {
                "max_val": 19,
                "bin_width": 1.9
            },
            "clustering": {
                "max_val": 1.0,
                "bin_width": 0.1
            },
            "spectral": {
                "max_val": 2.0,
                "bin_width": 0.2
            }
        },
        "distributions": {
            "degree": [
                0.043646415664053174,
                0.05396562880128272,
                0.15898713787403723,
                0.2431684805478668,
                0.22393919116439082,
                0.17731025544552523,
                0.07988778336318109,
                0.01410512054572453,
                0.0015818992436227618,
                0.0034080873503154665
            ],
            "clustering": [
                0.2521178925509729,
                0.06690723761131825,
                0.09754428026804965,
                0.12855051556889996,
                0.051827515977195045,
                0.14441157438401572,
                0.12964073173890583,
                0.0,
                0.00594632811997073,
                0.12305392378067173
            ],
            "spectral": [
                -7.272728653414935e-16,
                0.3157350395357089,
                0.6685645515732036,
                0.8633903551504527,
                0.7288005484845554,
                0.9519472721202524,
                1.135656647389235,
                1.324329454127094,
                1.4810748734518582,
                1.565704542497623
            ]
        }
    },
    "1": {
        "basic": {
            "avg_nodes": 24.0,
            "std_nodes": 10.396814415964151,
            "avg_edges": 40.109375,
            "std_edges": 15.421289249261068,
            "count": 64
        },
        "distribution_params": {
            "degree": {
                "max_val": 15,
                "bin_width": 1.5
            },
            "clustering": {
                "max_val": 1.0,
                "bin_width": 0.1
            },
            "spectral": {
                "max_val": 2.0,
                "bin_width": 0.2
            }
        },
        "distributions": {
            "degree": [
                0.03160799224991554,
                0.04240204705657644,
                0.1234363761483131,
                0.3363751897906411,
                0.2499912155574933,
                0.15112482459894214,
                0.056624660346758865,
                0.0037508190006907516,
                0.0016614819004524889,
                0.0030253933502164035
            ],
            "clustering": [
                0.2555288444281528,
                0.03817735216168785,
                0.0547112627363986,
                0.12620185816234641,
                0.04012862230715037,
                0.1785306216148756,
                0.11875213446295231,
                0.0,
                0.020960129965064175,
                0.16700917416137173
            ],
            "spectral": [
                -5.98885762810516e-16,
                0.426904485036581,
                0.9029096465443968,
                1.3361735076975103,
                1.7727418102528778,
                1.9098266898968594,
                2.158518655950742,
                2.1636565813026203,
                2.431571984466482,
                2.7627923563033563
            ]
        }
    }
}